"Name","RequiredServices","CanPauseAndContinue","CanShutdown","CanStop","DisplayName","DependentServices","MachineName","ServiceName","ServicesDependedOn","ServiceHandle","Status","ServiceType","StartType","Site","Container"
"Appinfo","System.ServiceProcess.ServiceController[]","False","False","True","Application Information","System.ServiceProcess.ServiceController[]",".","Appinfo","System.ServiceProcess.ServiceController[]","SafeServiceHandle","Running","Win32OwnProcess, Win32ShareProcess","Manual",,
"AppXSvc","System.ServiceProcess.ServiceController[]","False","True","True","AppX Deployment Service (AppXSVC)","System.ServiceProcess.ServiceController[]",".","AppXSvc","System.ServiceProcess.ServiceController[]","SafeServiceHandle","Running","Win32OwnProcess, Win32ShareProcess","Manual",,
"AudioEndpointBuilder","System.ServiceProcess.ServiceController[]","False","False","True","Windows Audio Endpoint Builder","System.ServiceProcess.ServiceController[]",".","AudioEndpointBuilder","System.ServiceProcess.ServiceController[]","SafeServiceHandle","Running","Win32OwnProcess, Win32ShareProcess","Automatic",,
"Audiosrv","System.ServiceProcess.ServiceController[]","False","False","True","Windows Audio","System.ServiceProcess.ServiceController[]",".","Audiosrv","System.ServiceProcess.ServiceController[]","SafeServiceHandle","Running","Win32OwnProcess","Automatic",,
"BFE","System.ServiceProcess.ServiceController[]","False","False","True","Base Filtering Engine","System.ServiceProcess.ServiceController[]",".","BFE","System.ServiceProcess.ServiceController[]",,"Running","Win32ShareProcess","Automatic",,
"BluetoothUserService_d4a19","System.ServiceProcess.ServiceController[]","False","False","True","Bluetooth User Support Service_d4a19","System.ServiceProcess.ServiceController[]",".","BluetoothUserService_d4a19","System.ServiceProcess.ServiceController[]","SafeServiceHandle","Running","240","Manual",,
"BrokerInfrastructure","System.ServiceProcess.ServiceController[]","False","False","False","Background Tasks Infrastructure Service","System.ServiceProcess.ServiceController[]",".","BrokerInfrastructure","System.ServiceProcess.ServiceController[]",,"Running","Win32ShareProcess","Automatic",,
"BTAGService","System.ServiceProcess.ServiceController[]","False","False","True","Bluetooth Audio Gateway Service","System.ServiceProcess.ServiceController[]",".","BTAGService","System.ServiceProcess.ServiceController[]","SafeServiceHandle","Running","Win32OwnProcess, Win32ShareProcess","Manual",,
"BthAvctpSvc","System.ServiceProcess.ServiceController[]","False","False","True","AVCTP service","System.ServiceProcess.ServiceController[]",".","BthAvctpSvc","System.ServiceProcess.ServiceController[]","SafeServiceHandle","Running","Win32OwnProcess, Win32ShareProcess","Manual",,
"bthserv","System.ServiceProcess.ServiceController[]","False","True","True","Bluetooth Support Service","System.ServiceProcess.ServiceController[]",".","bthserv","System.ServiceProcess.ServiceController[]","SafeServiceHandle","Running","Win32OwnProcess, Win32ShareProcess","Manual",,
"camsvc","System.ServiceProcess.ServiceController[]","False","True","True","Capability Access Manager Service","System.ServiceProcess.ServiceController[]",".","camsvc","System.ServiceProcess.ServiceController[]","SafeServiceHandle","Running","Win32OwnProcess, Win32ShareProcess","Manual",,
"cbdhsvc_d4a19","System.ServiceProcess.ServiceController[]","False","False","True","Clipboard User Service_d4a19","System.ServiceProcess.ServiceController[]",".","cbdhsvc_d4a19","System.ServiceProcess.ServiceController[]","SafeServiceHandle","Running","240","Manual",,
"CDPSvc","System.ServiceProcess.ServiceController[]","False","False","True","Connected Devices Platform Service","System.ServiceProcess.ServiceController[]",".","CDPSvc","System.ServiceProcess.ServiceController[]","SafeServiceHandle","Running","Win32OwnProcess, Win32ShareProcess","Automatic",,
"CDPUserSvc_d4a19","System.ServiceProcess.ServiceController[]","False","False","True","Connected Devices Platform User Service_d4a19","System.ServiceProcess.ServiceController[]",".","CDPUserSvc_d4a19","System.ServiceProcess.ServiceController[]","SafeServiceHandle","Running","240","Automatic",,
"CoreMessagingRegistrar","System.ServiceProcess.ServiceController[]","False","False","False","CoreMessaging","System.ServiceProcess.ServiceController[]",".","CoreMessagingRegistrar","System.ServiceProcess.ServiceController[]",,"Running","Win32ShareProcess","Automatic",,
"cphs","System.ServiceProcess.ServiceController[]","False","False","True","Intel(R) Content Protection HECI Service","System.ServiceProcess.ServiceController[]",".","cphs","System.ServiceProcess.ServiceController[]","SafeServiceHandle","Running","Win32OwnProcess","Manual",,
"cplspcon","System.ServiceProcess.ServiceController[]","False","False","True","Intel(R) Content Protection HDCP Service","System.ServiceProcess.ServiceController[]",".","cplspcon","System.ServiceProcess.ServiceController[]","SafeServiceHandle","Running","Win32OwnProcess","Automatic",,
"CryptSvc","System.ServiceProcess.ServiceController[]","False","True","True","Cryptographic Services","System.ServiceProcess.ServiceController[]",".","CryptSvc","System.ServiceProcess.ServiceController[]","SafeServiceHandle","Running","Win32OwnProcess, Win32ShareProcess","Automatic",,
"DcomLaunch","System.ServiceProcess.ServiceController[]","False","False","False","DCOM Server Process Launcher","System.ServiceProcess.ServiceController[]",".","DcomLaunch","System.ServiceProcess.ServiceController[]",,"Running","Win32ShareProcess","Automatic",,
"DeviceAssociationService","System.ServiceProcess.ServiceController[]","False","True","True","Device Association Service","System.ServiceProcess.ServiceController[]",".","DeviceAssociationService","System.ServiceProcess.ServiceController[]","SafeServiceHandle","Running","Win32OwnProcess, Win32ShareProcess","Manual",,
"Dhcp","System.ServiceProcess.ServiceController[]","False","True","True","DHCP Client","System.ServiceProcess.ServiceController[]",".","Dhcp","System.ServiceProcess.ServiceController[]","SafeServiceHandle","Running","Win32OwnProcess, Win32ShareProcess","Automatic",,
"DiagTrack","System.ServiceProcess.ServiceController[]","False","True","True","Connected User Experiences and Telemetry","System.ServiceProcess.ServiceController[]",".","DiagTrack","System.ServiceProcess.ServiceController[]","SafeServiceHandle","Running","Win32OwnProcess","Automatic",,
"DispBrokerDesktopSvc","System.ServiceProcess.ServiceController[]","False","False","True","Display Policy Service","System.ServiceProcess.ServiceController[]",".","DispBrokerDesktopSvc","System.ServiceProcess.ServiceController[]","SafeServiceHandle","Running","Win32OwnProcess, Win32ShareProcess","Automatic",,
"DisplayEnhancementService","System.ServiceProcess.ServiceController[]","False","False","True","Display Enhancement Service","System.ServiceProcess.ServiceController[]",".","DisplayEnhancementService","System.ServiceProcess.ServiceController[]","SafeServiceHandle","Running","Win32OwnProcess, Win32ShareProcess","Manual",,
"Dnscache","System.ServiceProcess.ServiceController[]","False","False","False","DNS Client","System.ServiceProcess.ServiceController[]",".","Dnscache","System.ServiceProcess.ServiceController[]",,"Running","Win32OwnProcess, Win32ShareProcess","Automatic",,
"DoSvc","System.ServiceProcess.ServiceController[]","False","False","True","Delivery Optimization","System.ServiceProcess.ServiceController[]",".","DoSvc","System.ServiceProcess.ServiceController[]","SafeServiceHandle","Running","Win32OwnProcess, Win32ShareProcess","Automatic",,
"DPS","System.ServiceProcess.ServiceController[]","False","True","True","Diagnostic Policy Service","System.ServiceProcess.ServiceController[]",".","DPS","System.ServiceProcess.ServiceController[]",,"Running","Win32OwnProcess, Win32ShareProcess","Automatic",,
"DsSvc","System.ServiceProcess.ServiceController[]","False","False","True","Data Sharing Service","System.ServiceProcess.ServiceController[]",".","DsSvc","System.ServiceProcess.ServiceController[]","SafeServiceHandle","Running","Win32OwnProcess, Win32ShareProcess","Manual",,
"DusmSvc","System.ServiceProcess.ServiceController[]","False","False","True","Data Usage","System.ServiceProcess.ServiceController[]",".","DusmSvc","System.ServiceProcess.ServiceController[]","SafeServiceHandle","Running","Win32OwnProcess","Automatic",,
"Eaphost","System.ServiceProcess.ServiceController[]","False","True","True","Extensible Authentication Protocol","System.ServiceProcess.ServiceController[]",".","Eaphost","System.ServiceProcess.ServiceController[]","SafeServiceHandle","Running","Win32OwnProcess, Win32ShareProcess","Manual",,
"esifsvc","System.ServiceProcess.ServiceController[]","True","False","True","Intel(R) Dynamic Tuning service","System.ServiceProcess.ServiceController[]",".","esifsvc","System.ServiceProcess.ServiceController[]","SafeServiceHandle","Running","Win32OwnProcess","Automatic",,
"ETDService","System.ServiceProcess.ServiceController[]","False","True","True","ELAN Service","System.ServiceProcess.ServiceController[]",".","ETDService","System.ServiceProcess.ServiceController[]","SafeServiceHandle","Running","Win32OwnProcess","Automatic",,
"EventLog","System.ServiceProcess.ServiceController[]","False","True","True","Windows Event Log","System.ServiceProcess.ServiceController[]",".","EventLog","System.ServiceProcess.ServiceController[]","SafeServiceHandle","Running","Win32OwnProcess, Win32ShareProcess","Automatic",,
"EventSystem","System.ServiceProcess.ServiceController[]","False","False","True","COM+ Event System","System.ServiceProcess.ServiceController[]",".","EventSystem","System.ServiceProcess.ServiceController[]","SafeServiceHandle","Running","Win32OwnProcess, Win32ShareProcess","Automatic",,
"FontCache","System.ServiceProcess.ServiceController[]","False","True","True","Windows Font Cache Service","System.ServiceProcess.ServiceController[]",".","FontCache","System.ServiceProcess.ServiceController[]","SafeServiceHandle","Running","Win32OwnProcess, Win32ShareProcess","Automatic",,
"HPAppHelperCap","System.ServiceProcess.ServiceController[]","False","True","True","HP App Helper HSA Service","System.ServiceProcess.ServiceController[]",".","HPAppHelperCap","System.ServiceProcess.ServiceController[]","SafeServiceHandle","Running","Win32OwnProcess","Automatic",,
"HPDiagsCap","System.ServiceProcess.ServiceController[]","False","True","True","HP Diagnostics HSA Service","System.ServiceProcess.ServiceController[]",".","HPDiagsCap","System.ServiceProcess.ServiceController[]","SafeServiceHandle","Running","Win32OwnProcess","Automatic",,
"HPNetworkCap","System.ServiceProcess.ServiceController[]","False","True","True","HP Network HSA Service","System.ServiceProcess.ServiceController[]",".","HPNetworkCap","System.ServiceProcess.ServiceController[]","SafeServiceHandle","Running","Win32OwnProcess","Automatic",,
"HPSysInfoCap","System.ServiceProcess.ServiceController[]","False","True","True","HP System Info HSA Service","System.ServiceProcess.ServiceController[]",".","HPSysInfoCap","System.ServiceProcess.ServiceController[]","SafeServiceHandle","Running","Win32OwnProcess","Automatic",,
"HpTouchpointAnalyticsService","System.ServiceProcess.ServiceController[]","False","True","True","HP Analytics service","System.ServiceProcess.ServiceController[]",".","HpTouchpointAnalyticsService","System.ServiceProcess.ServiceController[]","SafeServiceHandle","Running","Win32OwnProcess","Automatic",,
"igccservice","System.ServiceProcess.ServiceController[]","True","True","True","Intel(R) Graphics Command Center Service","System.ServiceProcess.ServiceController[]",".","igccservice","System.ServiceProcess.ServiceController[]","SafeServiceHandle","Running","Win32OwnProcess","Automatic",,
"igfxCUIService2.0.0.0","System.ServiceProcess.ServiceController[]","False","False","True","Intel(R) HD Graphics Control Panel Service","System.ServiceProcess.ServiceController[]",".","igfxCUIService2.0.0.0","System.ServiceProcess.ServiceController[]","SafeServiceHandle","Running","Win32OwnProcess","Automatic",,
"InstallService","System.ServiceProcess.ServiceController[]","False","False","True","Microsoft Store Install Service","System.ServiceProcess.ServiceController[]",".","InstallService","System.ServiceProcess.ServiceController[]","SafeServiceHandle","Running","Win32OwnProcess","Manual",,
"iphlpsvc","System.ServiceProcess.ServiceController[]","False","False","True","IP Helper","System.ServiceProcess.ServiceController[]",".","iphlpsvc","System.ServiceProcess.ServiceController[]","SafeServiceHandle","Running","Win32OwnProcess, Win32ShareProcess","Automatic",,
"jhi_service","System.ServiceProcess.ServiceController[]","False","False","True","Intel(R) Dynamic Application Loader Host Interface Service","System.ServiceProcess.ServiceController[]",".","jhi_service","System.ServiceProcess.ServiceController[]","SafeServiceHandle","Running","Win32OwnProcess","Automatic",,
"KeyIso","System.ServiceProcess.ServiceController[]","False","False","True","CNG Key Isolation","System.ServiceProcess.ServiceController[]",".","KeyIso","System.ServiceProcess.ServiceController[]","SafeServiceHandle","Running","Win32ShareProcess","Manual",,
"LanmanServer","System.ServiceProcess.ServiceController[]","False","False","True","Server","System.ServiceProcess.ServiceController[]",".","LanmanServer","System.ServiceProcess.ServiceController[]","SafeServiceHandle","Running","Win32OwnProcess, Win32ShareProcess","Automatic",,
"LanmanWorkstation","System.ServiceProcess.ServiceController[]","True","False","True","Workstation","System.ServiceProcess.ServiceController[]",".","LanmanWorkstation","System.ServiceProcess.ServiceController[]","SafeServiceHandle","Running","Win32OwnProcess, Win32ShareProcess","Automatic",,
"lfsvc","System.ServiceProcess.ServiceController[]","False","False","True","Geolocation Service","System.ServiceProcess.ServiceController[]",".","lfsvc","System.ServiceProcess.ServiceController[]","SafeServiceHandle","Running","Win32OwnProcess, Win32ShareProcess","Manual",,
"LicenseManager","System.ServiceProcess.ServiceController[]","False","False","True","Windows License Manager Service","System.ServiceProcess.ServiceController[]",".","LicenseManager","System.ServiceProcess.ServiceController[]","SafeServiceHandle","Running","Win32OwnProcess, Win32ShareProcess","Manual",,
"lmhosts","System.ServiceProcess.ServiceController[]","False","False","True","TCP/IP NetBIOS Helper","System.ServiceProcess.ServiceController[]",".","lmhosts","System.ServiceProcess.ServiceController[]","SafeServiceHandle","Running","Win32OwnProcess, Win32ShareProcess","Manual",,
"LMS","System.ServiceProcess.ServiceController[]","False","True","True","Intel(R) Management and Security Application Local Management Service","System.ServiceProcess.ServiceController[]",".","LMS","System.ServiceProcess.ServiceController[]","SafeServiceHandle","Running","Win32OwnProcess","Automatic",,
"LSM","System.ServiceProcess.ServiceController[]","False","False","False","Local Session Manager","System.ServiceProcess.ServiceController[]",".","LSM","System.ServiceProcess.ServiceController[]",,"Running","Win32OwnProcess, Win32ShareProcess","Automatic",,
"MozillaVPNBroker","System.ServiceProcess.ServiceController[]","False","False","True","Mozilla VPN (broker)","System.ServiceProcess.ServiceController[]",".","MozillaVPNBroker","System.ServiceProcess.ServiceController[]","SafeServiceHandle","Running","Win32OwnProcess","Automatic",,
"mpssvc","System.ServiceProcess.ServiceController[]","False","False","False","Windows Defender Firewall","System.ServiceProcess.ServiceController[]",".","mpssvc","System.ServiceProcess.ServiceController[]",,"Running","Win32ShareProcess","Automatic",,
"NcbService","System.ServiceProcess.ServiceController[]","False","False","True","Network Connection Broker","System.ServiceProcess.ServiceController[]",".","NcbService","System.ServiceProcess.ServiceController[]","SafeServiceHandle","Running","Win32OwnProcess, Win32ShareProcess","Manual",,
"netprofm","System.ServiceProcess.ServiceController[]","False","False","True","Network List Service","System.ServiceProcess.ServiceController[]",".","netprofm","System.ServiceProcess.ServiceController[]","SafeServiceHandle","Running","Win32OwnProcess, Win32ShareProcess","Manual",,
"NlaSvc","System.ServiceProcess.ServiceController[]","False","False","True","Network Location Awareness","System.ServiceProcess.ServiceController[]",".","NlaSvc","System.ServiceProcess.ServiceController[]","SafeServiceHandle","Running","Win32OwnProcess, Win32ShareProcess","Automatic",,
"nsi","System.ServiceProcess.ServiceController[]","False","False","True","Network Store Interface Service","System.ServiceProcess.ServiceController[]",".","nsi","System.ServiceProcess.ServiceController[]","SafeServiceHandle","Running","Win32OwnProcess, Win32ShareProcess","Automatic",,
"OneSyncSvc_d4a19","System.ServiceProcess.ServiceController[]","False","False","True","Sync Host_d4a19","System.ServiceProcess.ServiceController[]",".","OneSyncSvc_d4a19","System.ServiceProcess.ServiceController[]","SafeServiceHandle","Running","224","Automatic",,
"PcaSvc","System.ServiceProcess.ServiceController[]","False","True","True","Program Compatibility Assistant Service","System.ServiceProcess.ServiceController[]",".","PcaSvc","System.ServiceProcess.ServiceController[]","SafeServiceHandle","Running","Win32OwnProcess, Win32ShareProcess","Manual",,
"PhoneSvc","System.ServiceProcess.ServiceController[]","False","False","True","Phone Service","System.ServiceProcess.ServiceController[]",".","PhoneSvc","System.ServiceProcess.ServiceController[]","SafeServiceHandle","Running","Win32OwnProcess, Win32ShareProcess","Manual",,
"PimIndexMaintenanceSvc_d4a19","System.ServiceProcess.ServiceController[]","False","False","True","Contact Data_d4a19","System.ServiceProcess.ServiceController[]",".","PimIndexMaintenanceSvc_d4a19","System.ServiceProcess.ServiceController[]","SafeServiceHandle","Running","224","Manual",,
"PlugPlay","System.ServiceProcess.ServiceController[]","False","True","True","Plug and Play","System.ServiceProcess.ServiceController[]",".","PlugPlay","System.ServiceProcess.ServiceController[]","SafeServiceHandle","Running","Win32ShareProcess","Manual",,
"Power","System.ServiceProcess.ServiceController[]","False","False","False","Power","System.ServiceProcess.ServiceController[]",".","Power","System.ServiceProcess.ServiceController[]","SafeServiceHandle","Running","Win32ShareProcess","Automatic",,
"ProfSvc","System.ServiceProcess.ServiceController[]","False","True","True","User Profile Service","System.ServiceProcess.ServiceController[]",".","ProfSvc","System.ServiceProcess.ServiceController[]","SafeServiceHandle","Running","Win32OwnProcess, Win32ShareProcess","Automatic",,
"RasMan","System.ServiceProcess.ServiceController[]","False","True","True","Remote Access Connection Manager","System.ServiceProcess.ServiceController[]",".","RasMan","System.ServiceProcess.ServiceController[]","SafeServiceHandle","Running","Win32ShareProcess","Automatic",,
"RmSvc","System.ServiceProcess.ServiceController[]","False","False","True","Radio Management Service","System.ServiceProcess.ServiceController[]",".","RmSvc","System.ServiceProcess.ServiceController[]",,"Running","Win32OwnProcess, Win32ShareProcess","Manual",,
"RpcEptMapper","System.ServiceProcess.ServiceController[]","False","False","False","RPC Endpoint Mapper","System.ServiceProcess.ServiceController[]",".","RpcEptMapper","System.ServiceProcess.ServiceController[]",,"Running","Win32ShareProcess","Automatic",,
"RpcSs","System.ServiceProcess.ServiceController[]","False","False","False","Remote Procedure Call (RPC)","System.ServiceProcess.ServiceController[]",".","RpcSs","System.ServiceProcess.ServiceController[]",,"Running","Win32ShareProcess","Automatic",,
"RstMwService","System.ServiceProcess.ServiceController[]","False","True","True","Intel(R) Storage Middleware Service","System.ServiceProcess.ServiceController[]",".","RstMwService","System.ServiceProcess.ServiceController[]","SafeServiceHandle","Running","Win32OwnProcess","Automatic",,
"RtkAudioUniversalService","System.ServiceProcess.ServiceController[]","False","True","True","Realtek Audio Universal Service","System.ServiceProcess.ServiceController[]",".","RtkAudioUniversalService","System.ServiceProcess.ServiceController[]","SafeServiceHandle","Running","Win32OwnProcess","Automatic",,
"RtkBtManServ","System.ServiceProcess.ServiceController[]","False","True","True","Realtek Bluetooth Device Manager Service","System.ServiceProcess.ServiceController[]",".","RtkBtManServ","System.ServiceProcess.ServiceController[]","SafeServiceHandle","Running","Win32OwnProcess","Automatic",,
"SamSs","System.ServiceProcess.ServiceController[]","False","False","False","Security Accounts Manager","System.ServiceProcess.ServiceController[]",".","SamSs","System.ServiceProcess.ServiceController[]","SafeServiceHandle","Running","Win32ShareProcess","Automatic",,
"Schedule","System.ServiceProcess.ServiceController[]","False","True","True","Task Scheduler","System.ServiceProcess.ServiceController[]",".","Schedule","System.ServiceProcess.ServiceController[]",,"Running","Win32OwnProcess, Win32ShareProcess","Automatic",,
"SECOMNService","System.ServiceProcess.ServiceController[]","False","True","True","Sound Research SECOMN Service","System.ServiceProcess.ServiceController[]",".","SECOMNService","System.ServiceProcess.ServiceController[]","SafeServiceHandle","Running","Win32OwnProcess","Automatic",,
"SecurityHealthService","System.ServiceProcess.ServiceController[]","False","False","False","Windows Security Service","System.ServiceProcess.ServiceController[]",".","SecurityHealthService","System.ServiceProcess.ServiceController[]",,"Running","Win32OwnProcess","Manual",,
"SEMgrSvc","System.ServiceProcess.ServiceController[]","False","False","True","Payments and NFC/SE Manager","System.ServiceProcess.ServiceController[]",".","SEMgrSvc","System.ServiceProcess.ServiceController[]","SafeServiceHandle","Running","Win32OwnProcess","Manual",,
"SENS","System.ServiceProcess.ServiceController[]","False","False","True","System Event Notification Service","System.ServiceProcess.ServiceController[]",".","SENS","System.ServiceProcess.ServiceController[]","SafeServiceHandle","Running","Win32OwnProcess, Win32ShareProcess","Automatic",,
"SgrmBroker","System.ServiceProcess.ServiceController[]","False","True","False","System Guard Runtime Monitor Broker","System.ServiceProcess.ServiceController[]",".","SgrmBroker","System.ServiceProcess.ServiceController[]","SafeServiceHandle","Running","Win32OwnProcess","Automatic",,
"ShellHWDetection","System.ServiceProcess.ServiceController[]","False","False","True","Shell Hardware Detection","System.ServiceProcess.ServiceController[]",".","ShellHWDetection","System.ServiceProcess.ServiceController[]","SafeServiceHandle","Running","Win32OwnProcess, Win32ShareProcess","Automatic",,
"Spooler","System.ServiceProcess.ServiceController[]","False","False","True","Print Spooler","System.ServiceProcess.ServiceController[]",".","Spooler","System.ServiceProcess.ServiceController[]","SafeServiceHandle","Running","Win32OwnProcess, InteractiveProcess","Automatic",,
"SQLWriter","System.ServiceProcess.ServiceController[]","False","True","True","SQL Server VSS Writer","System.ServiceProcess.ServiceController[]",".","SQLWriter","System.ServiceProcess.ServiceController[]","SafeServiceHandle","Running","Win32OwnProcess","Automatic",,
"SSDPSRV","System.ServiceProcess.ServiceController[]","False","True","True","SSDP Discovery","System.ServiceProcess.ServiceController[]",".","SSDPSRV","System.ServiceProcess.ServiceController[]","SafeServiceHandle","Running","Win32OwnProcess, Win32ShareProcess","Manual",,
"SstpSvc","System.ServiceProcess.ServiceController[]","False","True","True","Secure Socket Tunneling Protocol Service","System.ServiceProcess.ServiceController[]",".","SstpSvc","System.ServiceProcess.ServiceController[]","SafeServiceHandle","Running","Win32OwnProcess, Win32ShareProcess","Manual",,
"StateRepository","System.ServiceProcess.ServiceController[]","False","True","True","State Repository Service","System.ServiceProcess.ServiceController[]",".","StateRepository","System.ServiceProcess.ServiceController[]","SafeServiceHandle","Running","Win32OwnProcess, Win32ShareProcess","Manual",,
"StorSvc","System.ServiceProcess.ServiceController[]","False","False","True","Storage Service","System.ServiceProcess.ServiceController[]",".","StorSvc","System.ServiceProcess.ServiceController[]","SafeServiceHandle","Running","Win32OwnProcess, Win32ShareProcess","Automatic",,
"SysMain","System.ServiceProcess.ServiceController[]","False","True","True","SysMain","System.ServiceProcess.ServiceController[]",".","SysMain","System.ServiceProcess.ServiceController[]","SafeServiceHandle","Running","Win32OwnProcess, Win32ShareProcess","Automatic",,
"SystemEventsBroker","System.ServiceProcess.ServiceController[]","False","False","True","System Events Broker","System.ServiceProcess.ServiceController[]",".","SystemEventsBroker","System.ServiceProcess.ServiceController[]",,"Running","Win32ShareProcess","Automatic",,
"TabletInputService","System.ServiceProcess.ServiceController[]","False","False","False","Touch Keyboard and Handwriting Panel Service","System.ServiceProcess.ServiceController[]",".","TabletInputService","System.ServiceProcess.ServiceController[]","SafeServiceHandle","Running","Win32OwnProcess, Win32ShareProcess","Manual",,
"Themes","System.ServiceProcess.ServiceController[]","False","False","True","Themes","System.ServiceProcess.ServiceController[]",".","Themes","System.ServiceProcess.ServiceController[]","SafeServiceHandle","Running","Win32OwnProcess, Win32ShareProcess","Automatic",,
"TimeBrokerSvc","System.ServiceProcess.ServiceController[]","False","False","True","Time Broker","System.ServiceProcess.ServiceController[]",".","TimeBrokerSvc","System.ServiceProcess.ServiceController[]",,"Running","Win32OwnProcess, Win32ShareProcess","Manual",,
"TokenBroker","System.ServiceProcess.ServiceController[]","False","False","True","Web Account Manager","System.ServiceProcess.ServiceController[]",".","TokenBroker","System.ServiceProcess.ServiceController[]","SafeServiceHandle","Running","Win32OwnProcess, Win32ShareProcess","Manual",,
"TrkWks","System.ServiceProcess.ServiceController[]","False","True","True","Distributed Link Tracking Client","System.ServiceProcess.ServiceController[]",".","TrkWks","System.ServiceProcess.ServiceController[]","SafeServiceHandle","Running","Win32OwnProcess, Win32ShareProcess","Automatic",,
"TrustedInstaller","System.ServiceProcess.ServiceController[]","False","False","True","Windows Modules Installer","System.ServiceProcess.ServiceController[]",".","TrustedInstaller","System.ServiceProcess.ServiceController[]",,"Running","Win32OwnProcess","Manual",,
"UnistoreSvc_d4a19","System.ServiceProcess.ServiceController[]","False","False","True","User Data Storage_d4a19","System.ServiceProcess.ServiceController[]",".","UnistoreSvc_d4a19","System.ServiceProcess.ServiceController[]","SafeServiceHandle","Running","224","Manual",,
"UserDataSvc_d4a19","System.ServiceProcess.ServiceController[]","False","False","True","User Data Access_d4a19","System.ServiceProcess.ServiceController[]",".","UserDataSvc_d4a19","System.ServiceProcess.ServiceController[]","SafeServiceHandle","Running","224","Manual",,
"UserManager","System.ServiceProcess.ServiceController[]","False","False","True","User Manager","System.ServiceProcess.ServiceController[]",".","UserManager","System.ServiceProcess.ServiceController[]","SafeServiceHandle","Running","Win32OwnProcess, Win32ShareProcess","Automatic",,
"UsoSvc","System.ServiceProcess.ServiceController[]","False","True","True","Update Orchestrator Service","System.ServiceProcess.ServiceController[]",".","UsoSvc","System.ServiceProcess.ServiceController[]","SafeServiceHandle","Running","Win32OwnProcess, Win32ShareProcess","Automatic",,
"VaultSvc","System.ServiceProcess.ServiceController[]","False","True","True","Credential Manager","System.ServiceProcess.ServiceController[]",".","VaultSvc","System.ServiceProcess.ServiceController[]","SafeServiceHandle","Running","Win32ShareProcess","Manual",,
"VMAuthdService","System.ServiceProcess.ServiceController[]","False","False","True","VMware Authorization Service","System.ServiceProcess.ServiceController[]",".","VMAuthdService","System.ServiceProcess.ServiceController[]","SafeServiceHandle","Running","Win32OwnProcess","Automatic",,
"VMnetDHCP","System.ServiceProcess.ServiceController[]","False","False","True","VMware DHCP Service","System.ServiceProcess.ServiceController[]",".","VMnetDHCP","System.ServiceProcess.ServiceController[]","SafeServiceHandle","Running","Win32OwnProcess","Automatic",,
"VMUSBArbService","System.ServiceProcess.ServiceController[]","False","False","True","VMware USB Arbitration Service","System.ServiceProcess.ServiceController[]",".","VMUSBArbService","System.ServiceProcess.ServiceController[]","SafeServiceHandle","Running","Win32OwnProcess","Automatic",,
"VMware NAT Service","System.ServiceProcess.ServiceController[]","False","False","True","VMware NAT Service","System.ServiceProcess.ServiceController[]",".","VMware NAT Service","System.ServiceProcess.ServiceController[]","SafeServiceHandle","Running","Win32OwnProcess","Automatic",,
"VMwareHostd","System.ServiceProcess.ServiceController[]","False","True","True","VMware Workstation Server","System.ServiceProcess.ServiceController[]",".","VMwareHostd","System.ServiceProcess.ServiceController[]","SafeServiceHandle","Running","Win32OwnProcess","Automatic",,
"WaaSMedicSvc","System.ServiceProcess.ServiceController[]","False","True","True","Windows Update Medic Service","System.ServiceProcess.ServiceController[]",".","WaaSMedicSvc","System.ServiceProcess.ServiceController[]","SafeServiceHandle","Running","Win32OwnProcess, Win32ShareProcess","Manual",,
"Wcmsvc","System.ServiceProcess.ServiceController[]","False","True","True","Windows Connection Manager","System.ServiceProcess.ServiceController[]",".","Wcmsvc","System.ServiceProcess.ServiceController[]","SafeServiceHandle","Running","Win32OwnProcess","Automatic",,
"WdiServiceHost","System.ServiceProcess.ServiceController[]","False","True","True","Diagnostic Service Host","System.ServiceProcess.ServiceController[]",".","WdiServiceHost","System.ServiceProcess.ServiceController[]",,"Running","Win32OwnProcess, Win32ShareProcess","Manual",,
"WdiSystemHost","System.ServiceProcess.ServiceController[]","False","True","True","Diagnostic System Host","System.ServiceProcess.ServiceController[]",".","WdiSystemHost","System.ServiceProcess.ServiceController[]",,"Running","Win32OwnProcess, Win32ShareProcess","Manual",,
"WdNisSvc","System.ServiceProcess.ServiceController[]","False","False","True","Microsoft Defender Antivirus Network Inspection Service","System.ServiceProcess.ServiceController[]",".","WdNisSvc","System.ServiceProcess.ServiceController[]",,"Running","Win32OwnProcess","Manual",,
"WinDefend","System.ServiceProcess.ServiceController[]","False","True","False","Microsoft Defender Antivirus Service","System.ServiceProcess.ServiceController[]",".","WinDefend","System.ServiceProcess.ServiceController[]",,"Running","Win32OwnProcess","Automatic",,
"WinHttpAutoProxySvc","System.ServiceProcess.ServiceController[]","False","True","False","WinHTTP Web Proxy Auto-Discovery Service","System.ServiceProcess.ServiceController[]",".","WinHttpAutoProxySvc","System.ServiceProcess.ServiceController[]",,"Running","Win32OwnProcess, Win32ShareProcess","Manual",,
"Winmgmt","System.ServiceProcess.ServiceController[]","True","True","True","Windows Management Instrumentation","System.ServiceProcess.ServiceController[]",".","Winmgmt","System.ServiceProcess.ServiceController[]","SafeServiceHandle","Running","Win32OwnProcess, Win32ShareProcess","Automatic",,
"WlanSvc","System.ServiceProcess.ServiceController[]","False","True","True","WLAN AutoConfig","System.ServiceProcess.ServiceController[]",".","WlanSvc","System.ServiceProcess.ServiceController[]","SafeServiceHandle","Running","Win32OwnProcess","Automatic",,
"WpnService","System.ServiceProcess.ServiceController[]","False","False","True","Windows Push Notifications System Service","System.ServiceProcess.ServiceController[]",".","WpnService","System.ServiceProcess.ServiceController[]","SafeServiceHandle","Running","Win32OwnProcess, Win32ShareProcess","Automatic",,
"WpnUserService_d4a19","System.ServiceProcess.ServiceController[]","False","False","True","Windows Push Notifications User Service_d4a19","System.ServiceProcess.ServiceController[]",".","WpnUserService_d4a19","System.ServiceProcess.ServiceController[]","SafeServiceHandle","Running","240","Automatic",,
"wscsvc","System.ServiceProcess.ServiceController[]","False","True","True","Security Center","System.ServiceProcess.ServiceController[]",".","wscsvc","System.ServiceProcess.ServiceController[]",,"Running","Win32OwnProcess, Win32ShareProcess","Automatic",,
"WSearch","System.ServiceProcess.ServiceController[]","False","True","True","Windows Search","System.ServiceProcess.ServiceController[]",".","WSearch","System.ServiceProcess.ServiceController[]","SafeServiceHandle","Running","Win32OwnProcess","Automatic",,
"wuauserv","System.ServiceProcess.ServiceController[]","False","False","True","Windows Update","System.ServiceProcess.ServiceController[]",".","wuauserv","System.ServiceProcess.ServiceController[]","SafeServiceHandle","Running","Win32OwnProcess, Win32ShareProcess","Manual",,
"XTU3SERVICE","System.ServiceProcess.ServiceController[]","False","True","True","XTUOCDriverService","System.ServiceProcess.ServiceController[]",".","XTU3SERVICE","System.ServiceProcess.ServiceController[]","SafeServiceHandle","Running","Win32OwnProcess","Automatic",,
